{
    "Logistic Regression": {
        "accuracy": 0.9736842105263158,
        "auc": 0.99737962659679,
        "precision": 0.9737190197716513,
        "recall": 0.9736842105263158,
        "f1": 0.973621425014614,
        "mcc": 0.9438975339262832
    },
    "Decision Tree": {
        "accuracy": 0.9473684210526315,
        "auc": 0.9439895185063871,
        "precision": 0.9473684210526315,
        "recall": 0.9473684210526315,
        "f1": 0.9473684210526315,
        "mcc": 0.8879790370127744
    },
    "KNN": {
        "accuracy": 0.9473684210526315,
        "auc": 0.9819849328529314,
        "precision": 0.9473684210526315,
        "recall": 0.9473684210526315,
        "f1": 0.9473684210526315,
        "mcc": 0.8879790370127744
    },
    "Naive Bayes": {
        "accuracy": 0.9649122807017544,
        "auc": 0.99737962659679,
        "precision": 0.9652053622194477,
        "recall": 0.9649122807017544,
        "f1": 0.9647382344750765,
        "mcc": 0.9252853920667758
    },
    "Random Forest": {
        "accuracy": 0.9649122807017544,
        "auc": 0.995250573206682,
        "precision": 0.9652053622194477,
        "recall": 0.9649122807017544,
        "f1": 0.9647382344750765,
        "mcc": 0.9252853920667758
    },
    "XGBoost": {
        "accuracy": 0.956140350877193,
        "auc": 0.9908286930887651,
        "precision": 0.9560881370091896,
        "recall": 0.956140350877193,
        "f1": 0.9560357083576898,
        "mcc": 0.9063785942932301
    }
}