{
    "Logistic Regression": {
        "accuracy": 0.973684,
        "auc": 0.997380,
        "precision": 0.973719,
        "recall": 0.973684,
        "f1": 0.973621,
        "mcc": 0.943898
    },
    "Decision Tree": {
        "accuracy": 0.947368,
        "auc": 0.943990,
        "precision": 0.947368,
        "recall": 0.947368,
        "f1": 0.947368,
        "mcc": 0.887979
    },
    "KNN": {
        "accuracy": 0.947368,
        "auc": 0.981985,
        "precision": 0.947368,
        "recall": 0.947368,
        "f1": 0.947368,
        "mcc": 0.887979
    },
    "Naive Bayes": {
        "accuracy": 0.964912,
        "auc": 0.997380,
        "precision": 0.965205,
        "recall": 0.964912,
        "f1": 0.964738,
        "mcc": 0.925285
    },
    "Random Forest": {
        "accuracy": 0.964912,
        "auc": 0.995251,
        "precision": 0.965205,
        "recall": 0.964912,
        "f1": 0.964738,
        "mcc": 0.925285
    },
    "XGBoost": {
        "accuracy": 0.956140,
        "auc": 0.990829,
        "precision": 0.956088,
        "recall": 0.956140,
        "f1": 0.956036,
        "mcc": 0.906379
    }
}
